{



  "PyTorch_NN": {
    "predictions": [0.000000, 1.000000, 0.000000, 0.000000, 0.000000, 1.000000, 0.000000, 0.000000, 0.000000, 0.000000, 0.000000, 0.000000, 0.000000, 0.000000, 1.000000, 0.000000, 0.000000, 0.000000, 1.000000, 0.000000, 0.000000, 1.000000, 0.000000, 1.000000, 0.000000, 1.000000, 0.000000, 0.000000, 0.000000, 1.000000, 0.000000, 1.000000, 1.000000, 1.000000, 0.000000, 0.000000, 0.000000, 0.000000, 1.000000, 0.000000, 0.000000, 0.000000, 1.000000, 0.000000, 0.000000, 0.000000, 0.000000, 0.000000, 0.000000, 1.000000, 0.000000, 1.000000, 1.000000, 1.000000, 1.000000, 0.000000, 0.000000, 1.000000, 1.000000, 1.000000, 0.000000, 0.000000, 0.000000, 0.000000, 1.000000, 0.000000, 1.000000, 1.000000, 1.000000, 0.000000, 0.000000, 0.000000, 1.000000, 0.000000, 1.000000, 1.000000, 1.000000, 1.000000, 0.000000, 0.000000, 1.000000, 0.000000, 0.000000, 0.000000, 0.000000, 0.000000, 1.000000, 1.000000, 1.000000, 0.000000, 1.000000, 0.000000, 1.000000, 1.000000, 1.000000, 0.000000, 0.000000, 1.000000, 0.000000, 1.000000, 0.000000, 1.000000, 0.000000, 0.000000, 0.000000, 1.000000, 0.000000, 1.000000, 0.000000, 0.000000, 1.000000, 0.000000, 1.000000, 1.000000],
    "probabilities": [0.274627, 0.746898, 0.434825, 0.283252, 0.149327, 0.869065, 0.076015, 0.091021, 0.068512, 0.206899, 0.215574, 0.185925, 0.366845, 0.222938, 0.856291, 0.185028, 0.218334, 0.155592, 0.885664, 0.449858, 0.045481, 0.991356, 0.238542, 0.827666, 0.157050, 0.851454, 0.065742, 0.212397, 0.167321, 0.744480, 0.366595, 0.818733, 0.968467, 0.871306, 0.070616, 0.183524, 0.066175, 0.378699, 0.951631, 0.110296, 0.366331, 0.359038, 0.896018, 0.339894, 0.281452, 0.224708, 0.158762, 0.198931, 0.088515, 0.671281, 0.337918, 0.840627, 0.733461, 0.908079, 0.908796, 0.130240, 0.269056, 0.517998, 0.862333, 0.552915, 0.162050, 0.166336, 0.354163, 0.197103, 0.927398, 0.088057, 0.627287, 0.938012, 0.718189, 0.184627, 0.064981, 0.235497, 0.802924, 0.245130, 0.913274, 0.816873, 0.587306, 0.998798, 0.246994, 0.351215, 0.667120, 0.075108, 0.301397, 0.106594, 0.200164, 0.112157, 0.964503, 0.873412, 0.782662, 0.251934, 0.998223, 0.194425, 0.569098, 0.736441, 0.921470, 0.459238, 0.088961, 0.736533, 0.180278, 0.850674, 0.068966, 0.694360, 0.272535, 0.137418, 0.174022, 0.538564, 0.119621, 0.678394, 0.216801, 0.000800, 0.983777, 0.383156, 0.552097, 0.628391],
    "true_labels": [0.000000, 1.000000, 1.000000, 0.000000, 0.000000, 1.000000, 0.000000, 0.000000, 0.000000, 0.000000, 0.000000, 0.000000, 0.000000, 0.000000, 1.000000, 0.000000, 0.000000, 0.000000, 1.000000, 0.000000, 0.000000, 1.000000, 0.000000, 1.000000, 0.000000, 1.000000, 0.000000, 0.000000, 0.000000, 1.000000, 0.000000, 1.000000, 1.000000, 1.000000, 0.000000, 0.000000, 0.000000, 0.000000, 1.000000, 0.000000, 0.000000, 0.000000, 1.000000, 0.000000, 0.000000, 0.000000, 0.000000, 0.000000, 0.000000, 1.000000, 0.000000, 1.000000, 1.000000, 1.000000, 1.000000, 0.000000, 0.000000, 0.000000, 1.000000, 0.000000, 0.000000, 0.000000, 0.000000, 0.000000, 1.000000, 0.000000, 1.000000, 1.000000, 1.000000, 0.000000, 0.000000, 0.000000, 1.000000, 0.000000, 1.000000, 1.000000, 1.000000, 1.000000, 0.000000, 1.000000, 1.000000, 0.000000, 1.000000, 0.000000, 0.000000, 0.000000, 1.000000, 1.000000, 1.000000, 0.000000, 1.000000, 0.000000, 0.000000, 1.000000, 1.000000, 0.000000, 0.000000, 1.000000, 0.000000, 1.000000, 0.000000, 1.000000, 0.000000, 0.000000, 0.000000, 1.000000, 0.000000, 0.000000, 0.000000, 0.000000, 1.000000, 1.000000, 1.000000, 0.000000],
    "accuracy": 0.921053,
    "loss": 0.276000
  }
,
  "PyTorch_NN": {
    "predictions": [0.000000, 0.000000, 1.000000, 0.000000, 1.000000, 0.000000, 0.000000, 0.000000, 0.000000, 0.000000, 0.000000, 0.000000, 0.000000, 0.000000, 0.000000, 0.000000, 1.000000, 0.000000, 1.000000, 0.000000, 0.000000, 1.000000, 0.000000, 0.000000, 0.000000, 1.000000, 0.000000, 0.000000, 1.000000, 1.000000, 0.000000, 1.000000, 1.000000, 0.000000, 0.000000, 1.000000, 0.000000, 0.000000, 0.000000, 0.000000, 0.000000, 0.000000, 1.000000, 0.000000, 0.000000, 0.000000, 0.000000, 0.000000, 0.000000, 1.000000, 0.000000, 0.000000, 1.000000, 0.000000, 0.000000, 1.000000, 0.000000, 0.000000, 0.000000, 0.000000, 0.000000, 1.000000, 0.000000, 0.000000, 1.000000, 0.000000, 0.000000, 0.000000, 1.000000, 1.000000, 1.000000, 1.000000, 0.000000, 0.000000, 1.000000, 1.000000, 1.000000, 0.000000, 0.000000, 0.000000, 1.000000, 0.000000, 1.000000, 1.000000, 1.000000, 1.000000, 0.000000, 0.000000, 1.000000, 0.000000, 1.000000, 1.000000, 0.000000, 1.000000, 0.000000, 1.000000, 1.000000, 1.000000, 0.000000, 1.000000, 1.000000, 1.000000, 1.000000, 0.000000, 0.000000, 0.000000, 0.000000, 0.000000, 0.000000, 0.000000, 0.000000, 1.000000, 1.000000, 1.000000],
    "probabilities": [0.466057, 0.220248, 0.549557, 0.219797, 0.915074, 0.088638, 0.165156, 0.257006, 0.197020, 0.253022, 0.380544, 0.068580, 0.105270, 0.196579, 0.139622, 0.490182, 0.714141, 0.180852, 0.652633, 0.217414, 0.118973, 0.812908, 0.247713, 0.102666, 0.072629, 0.820392, 0.324180, 0.434942, 0.948948, 0.896131, 0.332674, 0.643035, 0.966423, 0.067325, 0.122255, 0.633886, 0.129494, 0.246250, 0.287032, 0.263315, 0.319441, 0.194462, 0.714234, 0.175404, 0.169941, 0.306569, 0.365242, 0.206280, 0.222682, 0.787907, 0.073166, 0.221316, 0.553568, 0.239504, 0.142871, 0.695812, 0.208243, 0.210961, 0.472791, 0.076728, 0.437040, 0.993764, 0.140365, 0.204664, 0.940484, 0.361090, 0.277411, 0.103034, 0.775126, 0.992816, 0.568902, 0.998077, 0.071891, 0.493752, 0.940454, 0.912005, 0.520522, 0.221686, 0.067233, 0.345921, 0.725015, 0.172429, 0.915208, 0.548846, 0.869404, 0.551035, 0.141168, 0.123651, 0.830263, 0.120389, 0.857277, 0.831441, 0.209447, 0.981997, 0.468277, 0.639690, 0.948550, 0.602671, 0.120458, 0.986378, 0.736381, 0.970837, 0.916171, 0.445552, 0.255657, 0.199104, 0.131865, 0.104076, 0.233702, 0.193693, 0.248327, 0.719880, 0.864354, 0.731097],
    "true_labels": [0.000000, 0.000000, 0.000000, 0.000000, 1.000000, 0.000000, 0.000000, 0.000000, 0.000000, 0.000000, 0.000000, 0.000000, 0.000000, 0.000000, 0.000000, 0.000000, 1.000000, 0.000000, 1.000000, 0.000000, 0.000000, 1.000000, 0.000000, 0.000000, 0.000000, 1.000000, 0.000000, 0.000000, 1.000000, 1.000000, 0.000000, 1.000000, 1.000000, 0.000000, 0.000000, 1.000000, 0.000000, 0.000000, 0.000000, 0.000000, 0.000000, 0.000000, 1.000000, 0.000000, 0.000000, 0.000000, 0.000000, 0.000000, 0.000000, 1.000000, 0.000000, 0.000000, 1.000000, 0.000000, 0.000000, 1.000000, 0.000000, 0.000000, 0.000000, 0.000000, 0.000000, 1.000000, 0.000000, 0.000000, 1.000000, 0.000000, 0.000000, 0.000000, 1.000000, 1.000000, 1.000000, 1.000000, 0.000000, 1.000000, 1.000000, 1.000000, 1.000000, 0.000000, 0.000000, 0.000000, 1.000000, 0.000000, 1.000000, 0.000000, 1.000000, 1.000000, 0.000000, 0.000000, 1.000000, 0.000000, 1.000000, 1.000000, 0.000000, 1.000000, 1.000000, 1.000000, 1.000000, 1.000000, 0.000000, 1.000000, 1.000000, 1.000000, 1.000000, 1.000000, 0.000000, 0.000000, 0.000000, 0.000000, 0.000000, 0.000000, 0.000000, 1.000000, 1.000000, 1.000000],
    "accuracy": 0.956140,
    "loss": 0.266092
  }
,